최고김밥,최고김밥,3500,https://search.pstatic.net/common/?src=http%3A%2F%2Fblogfiles.naver.net%2FMjAyNDA2MjVfMTkw%2FMDAxNzE5MzIzNzI1MjQz.fqUfAmuGc6Q_N1as6aekp_iycw4fV6aNsWksh82ZxZ4g.hPamT2ahP4DhjJ61rmlE6edtFMkr066SeRYzyziqSNYg.JPEG%2FKakaoTalk_20240625_210638574_04.jpg
최고김밥,참치김밥,5000,https://search.pstatic.net/common/?src=http%3A%2F%2Fblogfiles.naver.net%2FMjAyNDA2MjVfMTAy%2FMDAxNzE5MzIzNzM5MjAx.qC0Au84UifjN0Zgr7vzVvuOavbPaPyftcmXdANP4WjYg.6nNkGGHZR9qgbjJRzUxhwnUsz6dHeCpGaMixNKp_Hc8g.JPEG%2FKakaoTalk_20240625_210638574_20.jpg
최고김밥,더블치즈김밥,4500,https://search.pstatic.net/common/?src=https%3A%2F%2Fpup-review-phinf.pstatic.net%2FMjAyMjEyMTVfMjYg%2FMDAxNjcxMTA5NzU3Mjg5._hy65yrQoA8lK4AeRu8wbzqDFQjGG4l-mqBF_GQ3H6gg.LdYM97N3FxNVUSq8x-7--Fw5vwb7bNhsfpTQbslUhC4g.JPEG%2F20221213_190038.jpg%3Ftype%3Dw1500_60_sharpen
최고김밥,매운황태김밥,4500,https://search.pstatic.net/common/?src=http%3A%2F%2Fblogfiles.naver.net%2FMjAyMjExMDZfMSAg%2FMDAxNjY3NzEwNTU1MTcy.d2hjcyzCJqEGEJERw5kv2-jzh_s9TvMxct2j8Zl9vmAg.DWVuRMBRc3JELn-MDPOx-drRDrNMbAxcYXPFcQ9yEzcg.JPEG.yoiw94%2F1667710555815.jpg
최고김밥,계란만땅김밥,5500,https://search.pstatic.net/common/?src=http%3A%2F%2Fblogfiles.naver.net%2FMjAyMjAxMjZfMTk0%2FMDAxNjQzMTk1MDA3MTM3.VPW1G8moSOAJoG-s2M-0MO_uyCpNgpO70PNUmGj5srEg.jV1t8O7zyhtBAuc5Z9-flbSeZx0LkxA33Gh6sG5ocpkg.JPEG.wlgp8786%2FKakaoTalk_20220126_193025805_01.jpg
최고김밥,숯불고기김밥,6000,https://search.pstatic.net/common/?src=https%3A%2F%2Fpup-review-phinf.pstatic.net%2FMjAyNDA1MTZfMTY4%2FMDAxNzE1Nzg4NTIxMzQ4.-A-M6BvRHFUrx8rCvOcIfNpM0hFR7IwWHRGQ3km1LjMg.phpYJawNZqmzESQHF2k5EygGPshbI0AQpBub48fmtg0g.JPEG%2F20240511_171351.jpg%3Ftype%3Dw1500_60_sharpen
최고김밥,유부김밥,4300,https://search.pstatic.net/common/?src=http%3A%2F%2Fblogfiles.naver.net%2FMjAyNDA2MjVfMTkx%2FMDAxNzE5MzIzNzQ1MDU5.9dTeJ6TzScBZp1ndKGA0LkeGKWP76RbkzpoQToV4UcQg.1nSzPn0_Gp_HbpkpjKDOZrnscrBQSpT6ytLFP3MGnzAg.JPEG%2FKakaoTalk_20240625_210638574_22.jpg
최고김밥,아삭오이참치김밥,5500,https://search.pstatic.net/common/?src=https%3A%2F%2Fpup-review-phinf.pstatic.net%2FMjAyNDA1MDJfMjA3%2FMDAxNzE0NjA1MzQ4MzQ1.j9w9Bog_xW36JYAdal7IzSsZdFTma-Oer_MJ9Qz8P0Ug.MOisidznIaMDkqjQmAtTAHHQwGv3XaBVEmfR4gGzDvsg.JPEG%2F20240418_120221.jpg.jpg%3Ftype%3Dw1500_60_sharpen
최고김밥,땡초참치김밥,5500,https://search.pstatic.net/common/?src=https%3A%2F%2Fpup-review-phinf.pstatic.net%2FMjAyNDA0MTFfMjM0%2FMDAxNzEyNzY2NjU4OTg2.JAbEtnfWm6Ucw47SCMWfTHy0JCfomyl1IUSnDgNnk4Ig.h2w8Qac3hU5gtHS3LRIudtrOujeNQjO3X56BW1GQ4zkg.JPEG%2F20240409_123450.jpg%3Ftype%3Dw1500_60_sharpen
최고김밥,돈가스김밥,5500,https://search.pstatic.net/common/?src=http%3A%2F%2Fblogfiles.naver.net%2FMjAyMzEwMDhfMTI5%2FMDAxNjk2NzY2NDkwNzI2.KUnEahLuffibDtkYrj6LLijOlHIjeA8zN2bwQvTe3B8g.od8ZqXfmFbCEdLUGKBANv0iAPsEkBBsufRDG5GDgxXkg.JPEG.rohdayea%2FIMG_8865.jpg
최고김밥,오므라이스김밥,3500,https://search.pstatic.net/common/?src=https%3A%2F%2Fpup-review-phinf.pstatic.net%2FMjAyMzEwMjZfMTIz%2FMDAxNjk4MjYxOTkxMTIy.ByXVE2SiNhQetjqDNqHd57qiW_W6mGph-oEsMUMTkAgg.fMPjkwLq1rDyLnTq35hL0QLamUv-lQ1fLGP2nPCcaV0g.JPEG%2Fupload_50b843e48ce7a2ea81edd15631c52387.jpg%3Ftype%3Dw1500_60_sharpen
최고김밥,야채꼬마김밥,2000,
최고김밥,소불고기꼬마김밥,3500,
최고김밥,꼬마물만두,4000,
최고김밥,국물떡볶이,5500,https://search.pstatic.net/common/?src=http%3A%2F%2Fblogfiles.naver.net%2FMjAyMjA0MDhfMjE1%2FMDAxNjQ5NDExMTc3Nzc3.CnRpRAXKfPjzPn4qF-JRa8ERas-0kZZbcOzFkvbJyLcg.4o3bc8t_HJPWIrLl18ncwwLRLWXnB0XsTNUqLqnhlXMg.JPEG.yk1219%2FIMG_5666.jpg
최고김밥,라볶이,7000,https://search.pstatic.net/common/?src=http%3A%2F%2Fblogfiles.naver.net%2FMjAyNDA2MjVfMTUy%2FMDAxNzE5MzI0ODQ1MTQ5.7W-EGF_GUtRpwR4YKXw8uvqkllZmkiVmCeDVdQeoh2Ig._Hvog0A0MEzdKIqiXNEiGSvhFcS4_-7U9Nv0n2KX5mog.JPEG%2FKakaoTalk_20240625_210638574_17.jpg
최고김밥,유부우동,5500,https://search.pstatic.net/common/?src=http%3A%2F%2Fblogfiles.naver.net%2FMjAyMTA1MjVfMTYy%2FMDAxNjIxOTUyMzQwODk2.2R1muKoKKLrRuQnB4IQt9A9uwZ-dRTgE6Qc6UWH4alYg.zoqjRroJm4Tcz8TfjG6KSrHekYFP9Gg1ZP9T5x82D28g.JPEG.ino111%2F1621952332285.jpg
최고김밥,꼬치오뎅탕,3500,https://search.pstatic.net/common/?src=http%3A%2F%2Fblogfiles.naver.net%2FMjAyMjA0MDhfMTAy%2FMDAxNjQ5NDExMTc3Nzgw.c-BjFaTO4ZrFB3_7d1xRYC8lqnpKfnfb4YInT-gZq7Ug.4rNFbST5LQy8vM-PFJlgh2tWCMIyqlvxYWaxKA3PAH4g.JPEG.yk1219%2FIMG_5669.jpg
최고김밥,냉모밀,6500,
최고김밥,쫄면,7000,
최고김밥,셀프라면,3500,https://search.pstatic.net/common/?src=https%3A%2F%2Fpup-review-phinf.pstatic.net%2FMjAyMjA2MjRfMjkz%2FMDAxNjU2MDMzMjQzMjY3.9Pp3BOrxOZLCCcIWV7sx2oSBSrfiMJ21EDJnpRKojkUg.C-Qqw9V7bEv45CX4hthzfcMq6g2xV1MCtN_1SikwuVEg.JPEG%2Fupload_e30fe8e024fa434a0818395969dfac63.jpg%3Ftype%3Dw1500_60_sharpen
제나키친,김치찜정식,10000,https://search.pstatic.net/common/?src=https%3A%2F%2Fpup-review-phinf.pstatic.net%2FMjAyMzAzMjVfMjE2%2FMDAxNjc5Njk3NTc0ODQ2.oyBlhjFo0bqbM0bB9pO2Bf3ggZBwfkahEHNOfPDs4EUg.YVli1gHG31EgphFz7FlbWVxexAbiNJ-5UDIKbNeZD3Ug.JPEG%2F20230323_123114.jpg%3Ftype%3Dw1500_60_sharpen
제나키친,제육볶음정식,10000,https://search.pstatic.net/common/?src=https%3A%2F%2Fpup-review-phinf.pstatic.net%2FMjAyNDA2MTdfMjgy%2FMDAxNzE4NjA2OTMwMjg0.33tIpMKoGCxdAmPzzqxpdxKxkKeIIpK0qrWLMi15mhIg.hqShJkv1hY3tuRh6tbUXZDJ_SUUnLG6WrM9CYRItfScg.JPEG%2F20240606_181638.jpg.jpg%3Ftype%3Dw1500_60_sharpen
제나키친,순두부정식,9000,https://search.pstatic.net/common/?src=https%3A%2F%2Fpup-review-phinf.pstatic.net%2FMjAyNDA1MzBfNzMg%2FMDAxNzE3MDU2NTU4MjMw.HY0y3xZS6AomdIOYEaFNDmaa1YkXv7spDQOtPPgJ6Vcg.3rjM3syExwULtuHG_B7zWjZy55sligvJgK8yOpOJOPIg.JPEG%2F1717043360426.jpg.jpg%3Ftype%3Dw1500_60_sharpen
제나키친,소고기무국정식,10000,https://search.pstatic.net/common/?src=https%3A%2F%2Fpup-review-phinf.pstatic.net%2FMjAyMzExMTJfMTEy%2FMDAxNjk5NzQzNDI0Njkw.PUKfC_DrQ3_sTuWM6nSM4zxaioqRqGeCPsZwbW2CbtMg.S_76_amdK6UEXoPfNp_a_Db8-Gvh3pNDXrbEsUsDAS0g.JPEG%2FEA9565C1-D740-40CA-BA81-DB1D6FBB02BF.jpeg%3Ftype%3Dw1500_60_sharpen
제나키친,쭈꾸미볶음정식,13000,https://search.pstatic.net/common/?src=https%3A%2F%2Fpup-review-phinf.pstatic.net%2FMjAyNDAzMDJfODYg%2FMDAxNzA5MzU0MTI5Mzgz.5QByZHirTUbzonxM9S_I5sxCfGrurlhYGQf4x1uQ3NMg.y_3YxRfvg0bzO6RC4CE2QEEDolI0-HnVK0HxsNHpblYg.JPEG%2F20240229_123728.jpg.jpg%3Ftype%3Dw1500_60_sharpen
제나키친,새우장정식,13000,https://search.pstatic.net/common/?src=https%3A%2F%2Fpup-review-phinf.pstatic.net%2FMjAyMzAzMjJfNzgg%2FMDAxNjc5NDk0NzA2MjY0.7Qf9XncRgcPfmquLVelGxofGv6A91V1y0lN1x7kgGYIg.3YF1tAqxn4XhbXKyywGKOWwH1DVfoEciO0DiAGv4F8sg.JPEG%2F4A1A5081-7576-44ED-B527-144CFBF9C1B2.jpeg%3Ftype%3Dw1500_60_sharpen
제나키친,연어장성식,15000,https://search.pstatic.net/common/?src=https%3A%2F%2Fpup-review-phinf.pstatic.net%2FMjAyNDA1MDlfMTcz%2FMDAxNzE1MjI2MzMzNTgz.YYvYA1IMlGWDWDgieywBiE1IUYhQn9dUCcgUINh0wjUg.TT_fAYRlyq6aing2UVf065rB10M1t3pe87p6vDzAbakg.JPEG%2F20240509_120637.jpg.jpg%3Ftype%3Dw1500_60_sharpen
제나키친,제육돌판 비빔밥,10000,https://search.pstatic.net/common/?src=http%3A%2F%2Fblogfiles.naver.net%2FMjAyNDA2MjFfNzkg%2FMDAxNzE4OTc5OTIwNjc2.zHFdQlV8PJagBQhJaW6eWcqX0hCSMdkAaO8xonT0rV8g.MxU6UdVYm3Y0SRA9_U0Qcg5jBfUDKImbZc9Laqz6YRIg.PNG%2Fimage.png
제나키친,소불고기돌판 비빔밥,11000,https://search.pstatic.net/common/?src=https%3A%2F%2Fpup-review-phinf.pstatic.net%2FMjAyNDAzMDhfMzgg%2FMDAxNzA5OTA3MDc4NTI2.1WKDEoxCmsFIy8fA2OinxUdh0ujJwzV7BXJ3hGCRCikg.6BljJW3AY-rWM3YfOuE6-qFbUcx1m1lw78e88Tfq3wEg.JPEG%2F20240221_113806.jpg.jpg%3Ftype%3Dw1500_60_sharpen
제나키친,쭈꾸미돌판 비빔밥,11000,https://search.pstatic.net/common/?src=https%3A%2F%2Fpup-review-phinf.pstatic.net%2FMjAyMzAzMDJfMTYg%2FMDAxNjc3NzYxMTI5NTg4.VWCBa6NenVlrzALC9bBosqPhRtjzebY4jNA-n9LuPiMg.c_7O9rumEhziaoJvQYO2uTNo6uswOjX3oyjBRAchbgIg.JPEG%2F20230302_191541.jpg%3Ftype%3Dw1500_60_sharpen
제나키친,돈가스,10000,https://search.pstatic.net/common/?src=https%3A%2F%2Fpup-review-phinf.pstatic.net%2FMjAyNDA1MjdfNzEg%2FMDAxNzE2NzM5MDk1OTgz.XVn2k1nsUfcf2W-cxeNQWKSHRjbyGXrdMkZA0TsX6QQg.133UqS1iQJ999P8LHqWB4yA_Ni_OTslGDir1UYsHZBgg.JPEG%2F7673693A-E30F-49B0-8FF1-0625CBA66C72.jpeg%3Ftype%3Dw1500_60_sharpen
제나키친,돈가스오므라이스,11000,https://search.pstatic.net/common/?src=https%3A%2F%2Fpup-review-phinf.pstatic.net%2FMjAyMzEwMThfMTUw%2FMDAxNjk3NTgxMDg0MDYy.NEvntJm0_SLKfEpxE1lKtmedgO7Cbh7u3NCk0wgAGaYg.y-xba2eDDL0vzUDEjWfxTYlYErtDZuu4mzY0qC9Wgq4g.JPEG%2Fupload_eb51b26584aeb7105433fc5efa84d0df.jpeg%3Ftype%3Dw1500_60_sharpen
장어세상,육회비빔밥,9000,https://search.pstatic.net/common/?src=https%3A%2F%2Fpup-review-phinf.pstatic.net%2FMjAyMzEyMjJfMTc4%2FMDAxNzAzMjE3Mzk1Mjg4.C8Y7aHZ6Z_2fDW8wFMKUKiQsPqlXjKq6aRa4fQlTZtYg.NlqYMV-vT9-vxDg5yyrVxvJM8-Z0J-9G8N40ju7li90g.JPEG%2FFBEEF4C8-D2E3-42C1-ABAB-507EF249FB90.jpeg%3Ftype%3Dw1500_60_sharpen
장어세상,소고기국밥,9000,https://search.pstatic.net/common/?src=https%3A%2F%2Fpup-review-phinf.pstatic.net%2FMjAyNDAzMTVfOTkg%2FMDAxNzEwNDk4MDUyMDg2.4FYdt78eS89RpgUDV3aBFnspFbpDQaUYTKEsrRet9Bsg.vyKAAVhTJ_V8WNx0eOWlhzm0CDmAiYH1HQyUdAGSIl0g.JPEG%2F20240315_131255.jpg.jpg%3Ftype%3Dw1500_60_sharpen
원조나드리장터순대국,순대국,9000,https://search.pstatic.net/common/?src=http%3A%2F%2Fblogfiles.naver.net%2FMjAyNDA1MTdfOTEg%2FMDAxNzE1OTIwNTc3OTQy.pPeOuIdRnykgxEm_yaGcRSra27Hr752fWn43In-OGLAg.Kh8sMf6MXlHktF0sRdGBSMKiavQ7zaX5s0crPQwRTvMg.JPEG%2FIMG_5998.jpg
원조나드리장터순대국,곱창순대국,10000,https://search.pstatic.net/common/?src=http%3A%2F%2Fblogfiles.naver.net%2FMjAyNDA1MTlfMTU1%2FMDAxNzE2MTI3NzQ1NTIz.IRCaMDSIm36G8QpoavjqS_IlgykumaQuRa5Mk6daDLYg.ghpvRIHWeTMG9gZ9nH4Lfy90VesI5n158DXyXBBUiCgg.JPEG%2Foutput_958618124.jpg
원조나드리장터순대국,뼈해장국,10000,https://search.pstatic.net/common/?src=http%3A%2F%2Fblogfiles.naver.net%2FMjAyMjA4MTBfMjQz%2FMDAxNjYwMTA5MDUwMDMw.1NEB9tPoDQleGyKG5aV-9mwaJGE8GotQagGzLrTp-NUg.Kesj7lqzMAxTyjbP_3viVdkLR6HyPyHWCROdAW_2seIg.PNG.qorgh1236%2Fimage.png
원조나드리장터순대국,황태해장국,7000,
원조나드리장터순대국,우거지갈비탕,12000,
원조나드리장터순대국,"정식(보쌈, 수육, 순대)",12000,https://search.pstatic.net/common/?src=http%3A%2F%2Fblogfiles.naver.net%2FMjAyMjExMjNfODUg%2FMDAxNjY5MTY1MjQ1OTc0.m4AW-5KMwsJcfxo9_K--KPf1UMdhnuO9m-CFWcEqORog.WcnhQvRvyfNtOmGlL7452NoqadpY8ppPr340DHNpm7kg.JPEG.dpfkd1696%2FKakaoTalk_20221123_094536520_06.jpg
미소야,로스카츠,10000,https://search.pstatic.net/common/?src=https%3A%2F%2Fpup-review-phinf.pstatic.net%2FMjAyNDA0MDJfNTAg%2FMDAxNzEyMDMwNzM0MTA5.GYiIvwdJ5KSz9gsx26pJ5NiOZKrRXxF8XCp0LF6U0Sog.nUahqt7qxzXSrajgxQFwFSjS5tvt34oXnrHcEcuScCQg.JPEG%2F20240402_120828.jpg.jpg%3Ftype%3Dw1500_60_sharpen
미소야,치즈돈카츠,11500,
미소야,생선카츠,10000,
미소야,돈카츠김치나베,8000,https://search.pstatic.net/common/?src=http%3A%2F%2Fblogfiles.naver.net%2FMjAyNDAzMTZfMTc5%2FMDAxNzEwNTkzMTQxMzA0.N4z25Ix2L4Vy503KoQG7cg8ILSZ-4--bJMhTbNNeyLQg.dpXPPsrkXNi4uAaBoyHClPw4yLJldjXneYWnTFag_xAg.JPEG%2FIMG_7591.jpg
미소야,돈카츠카레우동,9000,https://search.pstatic.net/common/?src=https%3A%2F%2Fpup-review-phinf.pstatic.net%2FMjAyMzA1MTBfMjU4%2FMDAxNjgzNjgxMjI5ODA2.nOHDUmFlXhugU8zU1vSyYTK7tJJ6BU5GfGYcKBxeagUg.weEQK23Qc1MS4_FtVf48alSUw0SMEeuHrZ3MYVlByc8g.JPEG%2F20230503_134150.jpg%3Ftype%3Dw1500_60_sharpen
미소야,돈카츠야끼우동,9500,
미소야,돈코츠 라멘,9000,https://search.pstatic.net/common/?src=http%3A%2F%2Fblogfiles.naver.net%2FMjAyMjA1MjdfMTUx%2FMDAxNjUzNjI0NjQxNzY5.YjhYJoR9PkDZpKxVXvvbB_iV55zKKOYwEe-SK_94gg8g.8FCeQfUOPx4JFX68h_clTwKNQWyaktDkP9SQyPLof2og.JPEG.sksms0702%2F20220506%25A3%25DF145453.jpg
미소야,냉모밀,8500,https://search.pstatic.net/common/?src=http%3A%2F%2Fblogfiles.naver.net%2FMjAyMjA1MDhfMTg5%2FMDAxNjUxOTQ2MTQ1MDQ1.tut1hr8PKO4TSq464QZUTReHATNxSCDqMvSB7YvaRckg.swRGK-RM2VJpo50dNDofiZ-CA6q-AwdfRmWafwUB3vQg.JPEG.rlagoals1027%2F20220506%25A3%25DF135440.jpg
미소야,마제소바,9500,
미소야,알밥정식,10000,https://search.pstatic.net/common/?src=https%3A%2F%2Fpup-review-phinf.pstatic.net%2FMjAyNDA0MDNfMTcg%2FMDAxNzEyMTEzNDgyNjg3.jZEcdFJ51Ppg1mjOS4zm9Hlg7uRn5hy5PlqKjetfIi0g.63gblb3yrUEHEWI4M5RQlRYbAI_NzgXykDujyrkAKhog.JPEG%2FD2E87026-A3F5-4B0E-921E-50612C8CAFA6.jpeg%3Ftype%3Dw1500_60_sharpen
미소야,규동정식,10000,
미소야,챠슈덮밥,9500,
버거스태인,파파버거,7800,https://search.pstatic.net/common/?src=https%3A%2F%2Fpup-review-phinf.pstatic.net%2FMjAyNDA3MDVfMjk5%2FMDAxNzIwMTkwNDg3NDc2.2eb8ZKIVEnWhMgqsuOv9x687ho8F5ndKbYkpBGoPGFkg.P8BihoSvuZTGQ6erJiIcMOCsX6-Cf5tLPI7fN3Frprkg.JPEG%2F1D5A688F-E63B-46CD-899F-33658CC7F19F.jpeg%3Ftype%3Dw1500_60_sharpen
버거스태인,당근버거,10800,https://search.pstatic.net/common/?src=https%3A%2F%2Fpup-review-phinf.pstatic.net%2FMjAyMzEyMzBfMjk2%2FMDAxNzAzOTMzODU2MTY1.eIdPuy4knyrqBzs1hohvlaD1PBh6VDYfbEWsKtghx1Ag.4nkw_vq4BCST8ph7ItR1aIY9PZmLTs_6OySeLztqlx0g.JPEG%2FA1237001-D8BF-414A-80C5-3F208DA851BF.jpeg%3Ftype%3Dw1500_60_sharpen
버거스태인,매콤버거,11800,
버거스태인,마마버거,8800,https://search.pstatic.net/common/?src=https%3A%2F%2Fpup-review-phinf.pstatic.net%2FMjAyMzAzMTVfOTQg%2FMDAxNjc4ODU5MDI5NTQw.4ruSKeH16gIU8ioV-GsCxby_HUyCVWUNkJW_GUvZuF4g.8R_87ivT5qXzBBbGJtZ7c5IECNGZZRT7Bewa0qzJLLog.JPEG%2FDB44552F-6AA8-49ED-AFE9-E402F15EAF13.jpeg%3Ftype%3Dw1500_60_sharpen
버거스태인,호두 떡갈비 버거,9800,https://search.pstatic.net/common/?src=https%3A%2F%2Fpup-review-phinf.pstatic.net%2FMjAyMzA5MTBfOTAg%2FMDAxNjk0MzUwMTEwOTE4.55AhUjiwO5qKWNA3mPPZ0FWtXJGtq5uJv1M5U-a4mnUg.pJw6-CflgD0LTmbaT0K0cKLPPrbgAbBO76H5Da5ZHXog.JPEG%2F20230910_144332.jpg%3Ftype%3Dw1500_60_sharpen
버거스태인,크림치즈 떡갈비 버거,11800,
버거스태인,감자튀김,3300,https://search.pstatic.net/common/?src=https%3A%2F%2Fpup-review-phinf.pstatic.net%2FMjAyMzA5MjhfMTc4%2FMDAxNjk1OTA3MzYzMjky.X6rK0Mk5nCCAbCKaVW3k1xGl6AmenOxs331oUfy_o8wg.8TJJLeh5CfpiehzOVQN2ozqGpHbPGzZQ1jiXdVTlom0g.JPEG%2F20230824_125648.jpg%3Ftype%3Dw1500_60_sharpen
먹자해장국,선지해장국,9000,https://search.pstatic.net/common/?src=http%3A%2F%2Fblogfiles.naver.net%2FMjAyMzExMjJfMjAx%2FMDAxNzAwNjIwNTA4MTcx.KDNhBHr0tmhFigel_AePAQ572ttgFaecedb3xmk-pgIg.7NHSs0IBbBYKMEPzazhyvpQejUB_L9lUgcOY7hZXN3cg.JPEG.mrahnis%2F20231118%25A3%25DF125235.jpg
먹자해장국,뼈해장국,9000,https://search.pstatic.net/common/?src=http%3A%2F%2Fblogfiles.naver.net%2FMjAyMDA4MTdfMjkx%2FMDAxNTk3NjcwNTQwNjU4.7QDgEW0M_RGvpuS1iaiXdhe0Eg69XwX9w_KJG0e1yzwg.i7Yp2CS6NiqDwjbsl8BJKD_1qMbc8VbmHFQptR2nyykg.JPEG.slowdnb%2FKakaoTalk_20200817_221706449.jpg
먹자해장국,무뼈해장국,9000,https://search.pstatic.net/common/?src=http%3A%2F%2Fblogfiles.naver.net%2FMjAyMjA5MjZfMjI2%2FMDAxNjY0MTU4MTI5OTIz.G2j7Rq74OWzumCCTy-RUep8EkJOqCarsI3s0aLrd9O0g.5PkTR6LJ7aYmtJ9t2riW2xr_hBsGen8UErR5s1A40Ykg.JPEG.yellr2%2F20220529%25A3%25DF133415.jpg
먹자해장국,소머리곰탕,12000,
먹자해장국,소내장탕,12000,
먹자해장국,닭곰탕(시즌),10000,
OK능이마을,능이반계탕,10000,https://search.pstatic.net/common/?src=https%3A%2F%2Fpup-review-phinf.pstatic.net%2FMjAyMzA4MTZfMjYg%2FMDAxNjkyMTEzMDA4NTMz.Up8jidr7UryRtHlmRNygR60h9RZ9Tj3RmJ0OQQe_y-Ug.ne0-OdE4A6tLRYaa6kzfqPILoPZy83KLU2mAYVjd96kg.JPEG%2F20230809_121724.heic.jpg%3Ftype%3Dw1500_60_sharpen
OK능이마을,능이삼계탕,15000,https://search.pstatic.net/common/?src=http%3A%2F%2Fblogfiles.naver.net%2FMjAyMzAzMjNfMjE3%2FMDAxNjc5NTc2ODM5ODY2.YRrMIPUOsVtzGvvC6Mo0lREO3IHDtu__mFEz8NF9rrAg.H6jWjFiH5WdnRA0IaEfSEZV9QGdMox2rac3brwH6lssg.JPEG.sparkle_moment%2Foutput_1062094455.jpg
OK능이마을,옛날 사골 육개장,9500,https://search.pstatic.net/common/?src=http%3A%2F%2Fblogfiles.naver.net%2FMjAyMjA5MDRfMTIz%2FMDAxNjYyMjcyOTg4ODc5.yAUr06SxqAp9fBlAGuofaR1JvRZpU1hW4ByaJvSKoicg.3EAd3smfz_3VpBTlO6zXEq1vwTlY-wI1F81u-OgkHk0g.JPEG.godjulia259%2F20220904%25A3%25DF123528.jpg
OK능이마을,옛날 육계장 칼국수,10000,
OK능이마을,왕만두국,8000,
샐러드프린세스,목살샐러드,9000,https://search.pstatic.net/common/?src=https%3A%2F%2Fpup-review-phinf.pstatic.net%2FMjAyMzAyMjdfMjMy%2FMDAxNjc3NDcyOTUyODk3.N-UlyXmh1rfga6YM-f8-ec-ccVPSRFb5HjBRly7u_Rsg.vxFua7s00jpUm1gxN6pm_tJhNhNX9vh3p-hPQrtRobMg.JPEG%2F20230227114911_IMG_0099.JPG%3Ftype%3Dw1500_60_sharpen
샐러드프린세스,찐단호박 샐러드,7500,https://search.pstatic.net/common/?src=https%3A%2F%2Fpup-review-phinf.pstatic.net%2FMjAyMzAxMDRfMjMy%2FMDAxNjcyODA2MDM3NzQ5.RDG5qKKRoXzwdqZzHVngoiiHg1n21r5GP3EMMJuC78kg.aBYRmxawMfFlKrcB1Ed5RBlvAhQY3fyL-cI9P1eWzcog.JPEG%2F664A1EB0-CC95-47F7-98D0-D73CCA5FB105.jpeg%3Ftype%3Dw1500_60_sharpen
샐러드프린세스,닭가슴살 샐러드,8700,https://search.pstatic.net/common/?src=https%3A%2F%2Fpup-review-phinf.pstatic.net%2FMjAyMjExMjNfMjU1%2FMDAxNjY5MTU4OTc2OTYy.bp_GKidcSf9m_UIPJ4FuX68btAFTaSQPZsyoP4Z8Gs8g.bYnuneJTvulDKtb4GHJiLS9C6o9r65is0H7zbFe78aIg.JPEG%2FE3582083-73E1-41BD-BA83-B7F0341B82F3.jpeg%3Ftype%3Dw1500_60_sharpen
샐러드프린세스,리코타치즈 샐러드,9800,https://search.pstatic.net/common/?src=https%3A%2F%2Fpup-review-phinf.pstatic.net%2FMjAyNDAyMTVfMjYg%2FMDAxNzA3OTc1MTQ5ODE3.72OaRtkXZyfWcbEa564c0CbTT1AbwIA8dgD2EYqs5Z0g.SB-GuKUoNg11daZrzmq8_DUbyemkl4tOWuDrqP6MEgIg.JPEG%2F20240214_140814.jpg.jpg%3Ftype%3Dw1500_60_sharpen
샐러드프린세스,바질파스타 샐러드,9000,https://search.pstatic.net/common/?src=https%3A%2F%2Fldb-phinf.pstatic.net%2F20220524_194%2F1653370709021j8KpK_JPEG%2F7AD14448-D706-4E76-9533-02912054391B.jpeg
샐러드프린세스,연어 샐러드,10200,https://search.pstatic.net/common/?src=https%3A%2F%2Fpup-review-phinf.pstatic.net%2FMjAyMzEyMTlfMjkw%2FMDAxNzAyOTEyNzk5ODk2.6grTcny-aXXboKrPm26trHPRWrMMd9EnZQeKxp9yTS0g.6wzbVQcfIikyjcmfMnagntWjvqf1bnggmeuNXqX_1HQg.JPEG%2F20231215_121606.jpg.jpg%3Ftype%3Dw1500_60_sharpen
샐러드프린세스,단호박 치즈 파니니,6300,https://search.pstatic.net/common/?src=https%3A%2F%2Fpup-review-phinf.pstatic.net%2FMjAyMzAzMDFfMTQ1%2FMDAxNjc3NjIwMTIyNTkz.kd43833yGRAqEi-1iIfuv1uReQKaL4UuGRYDSM72RsIg.IrQ5NDaQjyDoeSOKas886dIJ0ChhjLDRAwWYOuPEx0cg.JPEG%2F20230228121347_IMG_0177.JPG%3Ftype%3Dw1500_60_sharpen
샐러드프린세스,버섯 불고기 치즈 파니니,6600,
샐러드프린세스,크림스프,4000,https://search.pstatic.net/common/?src=https%3A%2F%2Fpup-review-phinf.pstatic.net%2FMjAyMzA4MTRfMTg0%2FMDAxNjkyMDAyNTIyMzM4.bKbMQ5tYS0QKg3zClyn6fSoKSRTSIurK9Ky6BjhmiX4g.746XsWhiZQEyLAbTKCDGlGGleQoGftEdMNlk5NS4mfQg.JPEG%2F20230814_111251.jpg%3Ftype%3Dw1500_60_sharpen
포옹남 하월곡,쌀국수,10500,https://search.pstatic.net/common/?src=https%3A%2F%2Fpup-review-phinf.pstatic.net%2FMjAyNDA3MDdfMjk3%2FMDAxNzIwMzQxNzUyMDc2.lc8uvYbX5B_F273e6j2Nt7ZIk3ZyGHuSXZqtMLAuGfgg.ck04jrEA3D1CwB9cg934EK4t4YqaeDDr3Qd1bDV58AMg.JPEG%2F20240707_165136.jpg.jpg%3Ftype%3Dw1500_60_sharpen
포옹남 하월곡,분팃느엉(분짜),10500,https://search.pstatic.net/common/?src=http%3A%2F%2Fblogfiles.naver.net%2FMjAyNDA1MDlfOTcg%2FMDAxNzE1MjE3OTUwNjAy.SdYK7RPkbkXQqoYNAOVmhx7AAiLNZ4EvQYmS5e5Qgrgg.VzX1tBgimsCFHwZEAQetNYYEXXX-wlGjA0G1Ehm1028g.JPEG%2F20240318_190639.jpg
포옹남 하월곡,껌승(갈비덮밥),12000,https://search.pstatic.net/common/?src=https%3A%2F%2Fpup-review-phinf.pstatic.net%2FMjAyNDA0MTZfMTc1%2FMDAxNzEzMjM5NDkyMDQ5.hR5q0pngUC-SGHNvZCEzMVhEso67-ljVmtfUf6rMdOgg.nqm7yRPT5I2YBkns36hcHCSxulCrzcgKZjfG81yG58og.JPEG%2F20240405_165641.jpg.jpg%3Ftype%3Dw1500_60_sharpen
포옹남 하월곡,짜조,7000,https://search.pstatic.net/common/?src=https%3A%2F%2Fpup-review-phinf.pstatic.net%2FMjAyNDA3MDdfMjY2%2FMDAxNzIwMzQxNzUzMDg0.aD9Dr59QuKu3i29_bb0vF-j157ENMA4_6zoHIdoHvBwg.01pvLQ9pVtX05esEwK1RETontAINzTTTNfLXVTmCNAQg.JPEG%2F20240707_165152.jpg.jpg%3Ftype%3Dw1500_60_sharpen
포옹남 하월곡,새우볼,5000,https://search.pstatic.net/common/?src=https%3A%2F%2Fpup-review-phinf.pstatic.net%2FMjAyNDA3MTdfMjQz%2FMDAxNzIxMTgyNTYxMzE1.D6Xcya06aV7cssDcy2ueL43FxPOGf5kSAqogJrDhVI8g.lNa7_Ee47G-fTynC5bza0vipo0AMnj_H0aQLwKVcf4Mg.JPEG%2F20240711_132827.jpg.jpg%3Ftype%3Dw1500_60_sharpen
포옹남 하월곡,윙봉,6000,https://search.pstatic.net/common/?src=https%3A%2F%2Fldb-phinf.pstatic.net%2F20230630_217%2F1688107536579HkjY6_JPEG%2F05-%25C0%25AE%25BA%25C0.jpg
